{
  "first_name": "11",
  "last_name": "11",
  "day": 1,
  "shift_started": true,
  "tasks_completed": 0,
  "reputation": 0,
  "money": 500.0,
  "skills": {
    "Взлом": 1,
    "Социальная инженерия": 1,
    "Программирование": 1,
    "Скрытность": 1,
    "Анализ": 1,
    "Сетевая безопасность": 1
  },
  "current_task": "Проверьте почту и прочитайте срочное письмо от МВД",
  "current_task_progress": 0,
  "task_difficulty": 1,
  "shift_time": 0,
  "energy": 100,
  "stress": 0,
  "completed_tasks_list": [],
  "game_time": {
    "current_hour": 9,
    "current_minute": 0,
    "day": 1,
    "month": 1,
    "year": 1984,
    "is_paused": true,
    "time_speed": 1.0,
    "workday_start": 9,
    "workday_end": 18
  },
  "special_emails_config": {
    "error_message": {
      "enabled": true,
      "required_tasks": 1,
      "required_time": 60,
      "description": "Письмо ERROR - отправляется после выполнения первой задачи через 60 минут"
    }
  },
  "email_system": {
    "inbox": [
      {
        "id": 1,
        "sender": "МВД",
        "subject": "Добро пожаловать!",
        "content": "От: МВД-ЦУК\nКому: 11 11\nТема: Добро пожаловать!\n\nУважаемый 11 11!\n\nПриветствуем вас на почётной должности Оперативно-Поискового Управления!\n\nВаши успехи в учёбе нас впечатлили, и мы хотели бы предложить вам эту позицию. \nНадеемся на вашу ответственность и качественную работу.\n\nЭто ваши показатели:\nТекущий день работы: 1\nВаша текущая репутация: 0\nВаш баланс: 500.00 ₽\n\nОт вас ожидается ответственное отношение к обязанностям для успешного выполнения работы.\nМы уверены, что вы справитесь и оправдаете наши ожидания.\n\nВ ближайшее время вы получите перечень текущих задач. \nНа первом этапе предлагаем ознакомиться с рабочим местом и коллективом.\n\nНаблюдение — наша функция. Ваша осведомлённость — ваша обязанность.\nПРОЕКТ «ПАНОПТИКУМ». МЫ ВСЁ ВИДИМ.\n\nС уважением,\nЦентр управления кадрами МВД",
        "date": "15:03",
        "read": false,
        "important": false
      },
      {
        "id": 2,
        "sender": "Система",
        "subject": "Системное уведомление",
        "content": "Добро пожаловать в систему мониторинга МВД.\nВсе ваши действия записываются и анализируются.\nСоблюдайте правила безопасности и поддерживайте лояльность.\nНе забывайте отмечать письма кнопкой «ПРОЧИТАНО»!\n(После прочтения можете удалить это письмо)",
        "date": "15:03",
        "read": false,
        "important": false
      }
    ],
    "sent": [],
    "draft": [],
    "next_email_id": 3,
    "unread_emails": 2,
    "emails_received_today": true,
    "mvd_email_read": false,
    "special_emails_sent": {
      "error_message": false
    },
    "player_name": "11 11",
    "day": 1,
    "reputation": 0,
    "money": 500.0
  }
}